{"cameraMode":{"drawMode":0,"name":"Shaded","section":"Shading Mode"},"sceneLighting":false,"audioPlay":false,"sceneViewState":{"m_AlwaysRefresh":false,"showFog":true,"showSkybox":true,"showFlares":true,"showImageEffects":true,"showParticleSystems":true,"showVisualEffectGraphs":true,"m_FxEnabled":true},"in2DMode":false,"pivot":{"x":-0.5365753173828125,"y":-1.0523236989974976,"z":13.25033187866211},"rotation":{"x":0.008685796521604061,"y":-0.030896924436092378,"z":-0.0002678761084098369,"w":-0.9994852542877197},"size":4.285991668701172,"orthographic":false}